reservation_id,probabilite_annulation,reservation_annulee
R002267,0.43543598,1
R002852,0.32341135,0
R003752,0.5802453,1
R009926,0.56726795,1
R000141,0.5364511,1
R004537,0.52770734,1
R004983,0.49032727,1
R005365,0.51920575,1
R006971,0.5431436,1
R008403,0.6620582,1
R008416,0.71141094,1
R009595,0.42650422,1
R009766,0.7032048,1
R000233,0.33830354,0
R000625,0.53711426,1
R002042,0.57675713,1
R003015,0.5873347,1
R003117,0.4711778,1
R003148,0.53613436,1
R003676,0.3208565,0
R006636,0.6011258,1
R008171,0.2757108,0
R002243,0.49171022,1
R002302,0.5085376,1
R002359,0.5293852,1
R002654,0.3290484,0
R003221,0.57335067,1
R003380,0.54323053,1
R004049,0.54021055,1
R008147,0.5666293,1
R009760,0.43596372,1
R000979,0.5991387,1
R003368,0.56301695,1
R009905,0.5712205,1
R002964,0.27699566,0
R003403,0.58784753,1
R003712,0.38384965,0
R004881,0.4112675,0
R006924,0.34028652,0
R008031,0.30979767,0
R009437,0.4632207,1
R000644,0.58979374,1
R002676,0.33596092,0
R003419,0.2747308,0
R005008,0.531791,1
R005401,0.5915936,1
R005804,0.54992485,1
R007627,0.35455722,0
R007851,0.49608916,1
R000525,0.593685,1
R002285,0.5757626,1
R003011,0.36401567,0
R004110,0.35416687,0
R004282,0.31261092,0
R004532,0.4661423,1
R004992,0.30034515,0
R009219,0.37541765,0
R009479,0.26904342,0
R009731,0.5095946,1
R003408,0.59953797,1
R004766,0.41422924,0
R005476,0.27049348,0
R009380,0.57807165,1
R000792,0.33945638,0
R001704,0.60859,1
R004631,0.5343947,1
R005547,0.40073216,0
R006305,0.42587155,1
R008428,0.5427238,1
R009641,0.31199872,0
R000736,0.28529707,0
R001176,0.5850544,1
R002092,0.5406107,1
R005356,0.57936543,1
R007599,0.5845034,1
R007696,0.49621877,1
R007792,0.5474557,1
R007832,0.5785282,1
R008743,0.37356547,0
R009077,0.37823263,0
R009886,0.53603226,1
R000268,0.5560471,1
R004304,0.54760855,1
R004455,0.51874197,1
R005150,0.25901455,0
R007424,0.32765326,0
R004557,0.58831805,1
R007129,0.45678723,1
R007311,0.5433666,1
R008725,0.4217537,0
R008814,0.52961725,1
R009426,0.50465924,1
R000064,0.45979527,1
R001270,0.5338114,1
R002221,0.55305636,1
R003274,0.59843254,1
R007834,0.2663537,0
R007847,0.5868744,1
R008511,0.2531629,0
R009727,0.3481376,0
R001899,0.58826673,1
R003259,0.41343582,0
R003570,0.44237563,1
R003800,0.45305055,1
R005121,0.5418876,1
R006029,0.6050118,1
R006602,0.43400335,1
R007495,0.44023347,1
R009482,0.4215631,0
R009883,0.5534166,1
R001083,0.6265318,1
R002503,0.4256309,1
R002530,0.36853454,0
R002531,0.2675508,0
R004210,0.59405756,1
R005248,0.6605043,1
R006536,0.5785146,1
R006819,0.39755842,0
R008672,0.37661752,0
R009043,0.33502516,0
R009454,0.57888985,1
R000662,0.61321163,1
R002687,0.21940894,0
R002940,0.69807327,1
R003028,0.58276653,1
R003673,0.43192023,1
R005329,0.5182622,1
R005607,0.5994006,1
R001350,0.571535,1
R002425,0.56351435,1
R002490,0.5719737,1
R003061,0.23422769,0
R003184,0.6587657,1
R003367,0.34903386,0
R003580,0.35079885,0
R005333,0.5924909,1
R006410,0.6253273,1
R006745,0.5712454,1
R008301,0.3669987,0
R009668,0.4369658,1
R001885,0.3326771,0
R003843,0.55066186,1
R006975,0.5285924,1
R007622,0.5925641,1
R008314,0.43108478,1
R000576,0.5800195,1
R000643,0.657654,1
R001751,0.34829196,0
R002644,0.36371076,0
R002915,0.4259521,1
R004055,0.5371927,1
R004080,0.31533587,0
R004396,0.31812793,0
R004487,0.37597102,0
R004764,0.5718447,1
R009236,0.5227687,1
R009248,0.32815024,0
R000868,0.2698221,0
R001921,0.5462316,1
R001980,0.36471096,0
R003255,0.30078936,0
R003352,0.705336,1
R004781,0.54565626,1
R005451,0.55132544,1
R008598,0.5950554,1
R009008,0.56142074,1
R009902,0.3749038,0
R000840,0.34808254,0
R004985,0.45308784,1
R006216,0.59267575,1
R006436,0.54819816,1
R006517,0.5009612,1
R007029,0.39931044,0
R008694,0.661526,1
R009709,0.53244174,1
R000053,0.34052786,0
R001524,0.53341645,1
R002217,0.2805819,0
R003284,0.41091758,0
R004852,0.3524771,0
R006952,0.5623463,1
R008413,0.44237563,1
R009491,0.45997006,1
R009891,0.5744163,1
R000075,0.50647235,1
R001443,0.5263805,1
R001716,0.4191772,0
R002219,0.2819354,0
R003736,0.5292685,1
R004279,0.5409102,1
R005263,0.6123289,1
R005940,0.45662934,1
R006181,0.4426917,1
R006240,0.5385718,1
R006655,0.5537432,1
R006996,0.6006822,1
R007158,0.2817356,0
R008257,0.34330013,0
R001596,0.5958356,1
R001679,0.39252523,0
R003841,0.5309309,1
R006340,0.51794195,1
R007191,0.4384686,1
R007815,0.5514437,1
R008658,0.5706895,1
R009907,0.55541676,1
R009942,0.27512205,0
R000237,0.53985107,1
R000785,0.51338613,1
R001208,0.39750144,0
R001392,0.51365036,1
R002478,0.33957,0
R003276,0.44376552,1
R006442,0.30188698,0
R007884,0.26948377,0
R001513,0.45037118,1
R002750,0.5743086,1
R004480,0.5419394,1
R004553,0.3317905,0
R004966,0.42747417,1
R005428,0.50062925,1
R005716,0.60379964,1
R006689,0.510067,1
R000301,0.60911435,1
R001480,0.2628521,0
R002874,0.46355996,1
R002886,0.33780748,0
R004994,0.6014019,1
R006983,0.48454413,1
R007743,0.54898864,1
R008452,0.5177647,1
R000114,0.2710168,0
R003883,0.27226526,0
R004393,0.60771877,1
R004428,0.6202473,1
R000405,0.58926433,1
R001500,0.3585501,0
R004001,0.55154866,1
R004775,0.3179561,0
R004956,0.19338524,0
R006185,0.59149605,1
R007996,0.36226863,0
R008152,0.71642905,1
R000292,0.47575012,1
R001776,0.5140982,1
R003776,0.59149605,1
R004267,0.5556006,1
R004402,0.36566174,0
R004464,0.23054326,0
R004736,0.3627893,0
R005907,0.36521316,0
R007594,0.5974343,1
R007849,0.54298663,1
R008701,0.5924729,1
R000189,0.55069333,1
R002993,0.34967402,0
R004807,0.540433,1
R005911,0.32759863,0
R006087,0.4521877,1
R007408,0.39164403,0
R007650,0.58017224,1
R007983,0.4665568,1
R009958,0.58010745,1
R001614,0.43342105,1
R002724,0.554011,1
R005149,0.33807865,0
R006102,0.4285739,1
R006813,0.5972802,1
R008040,0.419264,0
R009103,0.42294854,0
R009992,0.5808931,1
R003647,0.282922,0
R006561,0.54436314,1
R007852,0.31414723,0
R007868,0.41134226,0
R008491,0.52249014,1
R008492,0.38552177,0
R009222,0.2930548,0
R001695,0.5320036,1
R003579,0.56580716,1
R004262,0.2298461,0
R007818,0.6514193,1
R008813,0.5226728,1
R008825,0.53035855,1
R008985,0.52978647,1
R000288,0.52433985,1
R000439,0.29513535,0
R001522,0.4253192,1
R003381,0.22861767,0
R004522,0.51337,1
R009508,0.4171709,0
R000853,0.5776011,1
R001002,0.44119388,1
R002642,0.5550289,1
R006706,0.53582305,1
R006959,0.47139087,1
R009334,0.5479373,1
R009553,0.37927413,0
R000134,0.57383525,1
R000854,0.21641113,0
R001803,0.59182686,1
R003302,0.5402444,1
R005425,0.50931406,1
R005552,0.50129825,1
R008114,0.6421942,1
R009787,0.5350838,1
R009836,0.5929224,1
R009889,0.5340855,1
R009896,0.49631143,1
R001429,0.5398131,1
R004718,0.24766518,0
R005411,0.30423453,0
R005914,0.2269718,0
R005941,0.5231871,1
R007500,0.6253742,1
R001983,0.28412056,0
R002813,0.4709975,1
R003430,0.39006418,0
R005067,0.42967296,1
R006452,0.56700605,1
R006587,0.6127026,1
R006889,0.23164709,0
R006986,0.54095703,1
R008718,0.43792787,1
R008758,0.5417664,1
R000287,0.38601792,0
R001583,0.5926687,1
R001995,0.35990134,0
R002518,0.24851924,0
R002522,0.5108333,1
R003667,0.6073606,1
R004177,0.5317629,1
R004820,0.5537752,1
R005244,0.5887821,1
R005653,0.5681645,1
R008122,0.4334885,1
R008245,0.50438416,1
R008394,0.5305178,1
R001709,0.6946305,1
R003083,0.55209774,1
R003852,0.56556904,1
R004333,0.60065013,1
R007999,0.58149475,1
R008312,0.3198098,0
R009879,0.49689528,1
R000056,0.5452608,1
R000121,0.5103431,1
R002149,0.44003254,1
R004459,0.5232722,1
R006054,0.5076153,1
R000006,0.5500238,1
R000042,0.4644354,1
R001033,0.53029764,1
R001219,0.6283117,1
R003132,0.41858307,0
R003554,0.22725305,0
R003815,0.59937423,1
R003851,0.60216004,1
R003927,0.5688657,1
R004313,0.3448013,0
R004405,0.5396712,1
R005052,0.6089458,1
R006055,0.6726896,1
R006125,0.52368945,1
R006273,0.43282494,1
R006384,0.5676937,1
R006693,0.3811711,0
R007836,0.32753733,0
R008282,0.4278455,1
R009885,0.22929162,0
R001021,0.52439034,1
R001188,0.39030817,0
R001985,0.44359758,1
R002878,0.589392,1
R003681,0.5296656,1
R005820,0.58122045,1
R007519,0.37242666,0
R009492,0.66137874,1
R009821,0.5176097,1
R000593,0.5427238,1
R000733,0.5804539,1
R001172,0.5536998,1
R001379,0.6245103,1
R001951,0.3140021,0
R002641,0.55836105,1
R003183,0.507747,1
R004265,0.52783793,1
R006712,0.5952396,1
R009588,0.54187816,1
R000059,0.24054289,0
R000265,0.55757344,1
R000406,0.6155789,1
R001641,0.21209577,0
R002352,0.623016,1
R004559,0.5975016,1
R005783,0.28141278,0
R006534,0.40953848,0
R009531,0.42339507,0
R000081,0.39647588,0
R000186,0.42980644,1
R001027,0.26875842,0
R002782,0.3785236,0
R002807,0.54606915,1
R002838,0.47936392,1
R003817,0.52306044,1
R004359,0.37623617,0
R004373,0.37844557,0
R005063,0.5284703,1
R006206,0.24779473,0
R006514,0.58985114,1
R007661,0.42128167,0
R009789,0.5291993,1
R003606,0.5192095,1
R004092,0.5763656,1
R004179,0.58084875,1
R006223,0.52783793,1
R006943,0.60732645,1
R008244,0.5333959,1
R008408,0.3556772,0
R008921,0.47006243,1
R009096,0.2326142,0
R000528,0.5262575,1
R001812,0.54989135,1
R001986,0.26680037,0
R002034,0.49874634,1
R004250,0.32264495,0
R004385,0.5732153,1
R007702,0.440974,1
R007720,0.5805257,1
R008759,0.51914835,1
R008768,0.5357814,1
R009030,0.5517588,1
R009119,0.53527415,1
R000388,0.55524844,1
R002228,0.507012,1
R002646,0.5937225,1
R002901,0.52272624,1
R003341,0.52783793,1
R004716,0.3426039,0
R007185,0.3495938,0
R008060,0.33992583,0
R008812,0.376985,0
R000182,0.5181777,1
R000417,0.5654333,1
R000565,0.4681518,1
R000626,0.43291223,1
R002507,0.531885,1
R002761,0.53737843,1
R003251,0.51389396,1
R004946,0.5827146,1
R006362,0.53843164,1
R006678,0.6388488,1
R006915,0.45745656,1
R006941,0.4386756,1
R007205,0.23890315,0
R008850,0.56020766,1
R009386,0.41227138,0
R009973,0.5246762,1
R000737,0.49151945,1
R002543,0.53762984,1
R004297,0.4397415,1
R005903,0.56562376,1
R006277,0.550227,1
R008753,0.5795593,1
R009173,0.37593168,0
R009950,0.45737326,1
R000726,0.5872796,1
R001032,0.5505742,1
R002906,0.5923115,1
R004273,0.2933382,0
R004707,0.5805679,1
R004891,0.28255558,0
R005925,0.55650055,1
R006342,0.5272666,1
R006657,0.5771236,1
R009682,0.5434084,1
R000524,0.6507142,1
R000554,0.36394522,0
R000911,0.2332904,0
R001526,0.5256996,1
R001842,0.3855741,0
R002966,0.43478385,1
R003710,0.5592208,1
R004912,0.64846396,1
R004959,0.52876383,1
R005482,0.57572466,1
R006043,0.5555903,1
R006543,0.3299047,0
R007614,0.47758007,1
R009844,0.5646418,1
R001280,0.5946581,1
R001377,0.47010198,1
R001939,0.4547939,1
R002971,0.6019284,1
R005104,0.5402592,1
R006298,0.41586238,0
R006396,0.2904974,0
R007563,0.48999497,1
R009825,0.44176057,1
R001250,0.5920452,1
R003155,0.53314507,1
R003829,0.56910425,1
R004430,0.5543566,1
R006139,0.5888966,1
R004018,0.5571094,1
R004346,0.4316473,1
R007580,0.515665,1
R008207,0.5266848,1
R009389,0.54591936,1
R009827,0.5591146,1
R001011,0.31309572,0
R001563,0.31235105,0
R002150,0.33393103,0
R003609,0.537787,1
R004510,0.38709807,0
R006300,0.51656157,1
R008055,0.4669882,1
R008521,0.26460752,0
R000544,0.4130187,0
R000658,0.546502,1
R001100,0.44656017,1
R001710,0.6467985,1
R002002,0.41507348,0
R006201,0.53569025,1
R008251,0.55557275,1
R000153,0.6295359,1
R002247,0.63608265,1
R003268,0.44109648,1
R003908,0.5371886,1
R004281,0.5834255,1
R005728,0.34740186,0
R006033,0.52540016,1
R007039,0.4746263,1
R009135,0.5313172,1
R009818,0.613319,1
R001020,0.62661743,1
R001093,0.4241858,0
R003176,0.50610346,1
R004068,0.5697991,1
R004320,0.38501668,0
R004568,0.5127967,1
R006016,0.42973968,1
R007087,0.42461684,0
R007770,0.45691785,1
R001137,0.4786792,1
R001374,0.43135074,1
R001736,0.54574627,1
R001769,0.45930496,1
R002871,0.53677315,1
R006373,0.3292498,0
R006509,0.5280542,1
R008047,0.5383749,1
R008951,0.33392516,0
R009806,0.26077074,0
R000365,0.5920452,1
R000384,0.5749288,1
R001877,0.47051728,1
R003103,0.34332865,0
R003517,0.5908574,1
R005584,0.63467044,1
R006690,0.27608937,0
R007826,0.37691742,0
R008724,0.5730686,1
R009406,0.5785846,1
R009549,0.5227916,1
R001122,0.3648717,0
R002597,0.55239874,1
R002847,0.2566251,0
R003382,0.57068425,1
R006754,0.6311583,1
R001341,0.5752382,1
R001767,0.33297706,0
R003393,0.5920452,1
R008818,0.5283562,1
R008908,0.4197501,0
R009649,0.48966798,1
R000196,0.30525824,0
R001582,0.45793208,1
R002305,0.23349501,0
R003135,0.5537783,1
R007075,0.5466662,1
R008795,0.40215972,0
R009133,0.3697057,0
R002963,0.5274669,1
R002970,0.35494468,0
R004978,0.5520316,1
R005840,0.46667394,1
R006837,0.46160403,1
R007301,0.4433017,1
R008170,0.37359002,0
R009225,0.45691785,1
R000357,0.54674804,1
R000457,0.6015705,1
R001490,0.5697264,1
R001547,0.57886744,1
R002086,0.52213645,1
R003072,0.59906757,1
R003355,0.3692751,0
R003806,0.5678744,1
R004242,0.51993644,1
R005418,0.521165,1
R006468,0.54199463,1
R007455,0.29938623,0
R007493,0.31829837,0
R007680,0.53229517,1
R008426,0.5406814,1
R009582,0.5183361,1
R009664,0.35820174,0
R001046,0.31099764,0
R002236,0.59728324,1
R002582,0.3473544,0
R002952,0.23856962,0
R005674,0.436503,1
R005899,0.5603809,1
R006316,0.50373536,1
R006411,0.5108128,1
R007370,0.54940134,1
R007525,0.57323897,1
R007768,0.36433494,0
R007923,0.53910035,1
R008592,0.35896656,0
R009365,0.23966523,0
R009831,0.41091388,0
R001945,0.49712685,1
R003945,0.23416126,0
R004020,0.47642854,1
R004589,0.3459452,0
R005934,0.41241813,0
R006177,0.3398218,0
R008071,0.5247886,1
R008313,0.53679067,1
R009025,0.6517722,1
R009210,0.37008175,0
R001527,0.25366586,0
R002079,0.58744884,1
R002322,0.53479826,1
R004884,0.62563753,1
R007323,0.5548461,1
R008250,0.6921676,1
R008580,0.5356755,1
R001354,0.58036673,1
R002934,0.38060632,0
R005750,0.47841048,1
R006013,0.5792277,1
R008675,0.3701668,0
R008695,0.34572473,0
R008884,0.5390048,1
R002240,0.5837843,1
R002268,0.22643928,0
R002590,0.58677715,1
R002891,0.5409348,1
R003314,0.5697264,1
R003470,0.58867764,1
R005026,0.592469,1
R006417,0.5435938,1
R006613,0.64714813,1
R007044,0.5716895,1
R008061,0.4249056,0
R009163,0.43816334,1
R004317,0.592469,1
R005298,0.54100025,1
R006354,0.59800196,1
R007164,0.54155415,1
R007325,0.5134585,1
R009323,0.52571124,1
R002483,0.56553054,1
R002801,0.41784564,0
R005032,0.5740999,1
R006454,0.53324723,1
R006872,0.36246923,0
R008331,0.56672424,1
R009152,0.4229481,0
R009522,0.28784236,0
R009669,0.4894749,1
R009711,0.28369486,0
R001047,0.42461684,0
R001662,0.563288,1
R002357,0.57228374,1
R005377,0.5669881,1
R005395,0.5674566,1
R006978,0.5291671,1
R000987,0.39817223,0
R001584,0.51587886,1
R002677,0.5577025,1
R002785,0.52469146,1
R003214,0.5714686,1
R004211,0.479455,1
R007879,0.34666103,0
R008086,0.32584286,0
R008666,0.5590351,1
R008740,0.5720252,1
R009644,0.5693994,1
R000739,0.55508786,1
R003457,0.5009037,1
R003964,0.5142575,1
R004739,0.39710787,0
R005053,0.42971802,1
R006218,0.58245164,1
R008938,0.43243742,1
R009570,0.5792006,1
R009589,0.59887,1
R002402,0.59003776,1
R003172,0.51169354,1
R003340,0.59119743,1
R003445,0.5964715,1
R003597,0.58136994,1
R004391,0.25380036,0
R005457,0.5941952,1
R005551,0.5435502,1
R006256,0.54516023,1
R009185,0.5132663,1
R000722,0.31319624,0
R000749,0.65765667,1
R000989,0.5201496,1
R001082,0.5528316,1
R001740,0.28434554,0
R002423,0.5756828,1
R002429,0.5482806,1
R005353,0.49947128,1
R005897,0.544084,1
R006255,0.27278033,0
R006614,0.5932952,1
R009355,0.5329524,1
R009448,0.443202,1
R001428,0.49411207,1
R002420,0.5309745,1
R005281,0.21760702,0
R006654,0.4560047,1
R008233,0.6249219,1
R008781,0.3150533,0
R009390,0.5955407,1
R000799,0.57574826,1
R002037,0.31990746,0
R002453,0.55482846,1
R002996,0.34042957,0
R004563,0.40761733,0
R004661,0.58778423,1
R005133,0.23739536,0
R006459,0.32516593,0
R007008,0.495959,1
R008270,0.577193,1
R000548,0.42342246,0
R001263,0.39402556,0
R001267,0.576044,1
R001755,0.34840956,0
R002122,0.4217537,0
R002904,0.37997088,0
R003262,0.3594567,0
R004039,0.6028582,1
R004089,0.3419436,0
R004278,0.5323118,1
R004574,0.53115684,1
R005947,0.5392676,1
R006237,0.5896582,1
R006665,0.54023695,1
R008594,0.3093532,0
R008649,0.52736896,1
R000034,0.5593161,1
R001783,0.27029976,0
R001953,0.52013326,1
R002881,0.5904184,1
R004776,0.57312685,1
R005078,0.36025214,0
R006343,0.5705042,1
R006616,0.61153316,1
R007038,0.5305432,1
R008212,0.3605045,0
R002648,0.59295887,1
R002959,0.58926433,1
R003462,0.5447271,1
R004375,0.38480812,0
R005355,0.38135687,0
R006412,0.49331394,1
R008258,0.5510519,1
R009951,0.4598428,1
R001822,0.44969082,1
R001981,0.651412,1
R002805,0.51656115,1
R003418,0.5482806,1
R006530,0.49563098,1
R007422,0.5140089,1
R000423,0.5416585,1
R001186,0.23451282,0
R001378,0.28255758,0
R002301,0.5391404,1
R002630,0.30790207,0
R003663,0.41886902,0
R003808,0.542278,1
R004650,0.23748256,0
R004747,0.58075064,1
R005553,0.5277993,1
R006532,0.28784144,0
R006799,0.575701,1
R007116,0.47959492,1
R009379,0.5212588,1
R000965,0.23029213,0
R001119,0.56198037,1
R001318,0.35522813,0
R001937,0.6081236,1
R002253,0.3265129,0
R003782,0.37902665,0
R003890,0.59950805,1
R004152,0.22665802,0
R006877,0.5193915,1
R007210,0.54190195,1
R008128,0.5731471,1
R008151,0.5862134,1
R009201,0.48877463,1
R009847,0.4466107,1
R000560,0.44520643,1
R003288,0.4796204,1
R003869,0.34415722,0
R004048,0.38391605,0
R004306,0.4733024,1
R004632,0.47037587,1
R006047,0.54076904,1
R006359,0.55642754,1
R008179,0.54537976,1
R009577,0.62155455,1
R009758,0.46496755,1
R002931,0.28243223,0
R002944,0.53011423,1
R005807,0.527268,1
R006088,0.45880213,1
R009784,0.3416242,0
R000090,0.64866394,1
R000852,0.6072301,1
R001286,0.45225653,1
R001322,0.347469,0
R003180,0.5950962,1
R003258,0.38407493,0
R003899,0.5551296,1
R005730,0.5070384,1
R006428,0.63863695,1
R006933,0.22187483,0
R008382,0.5284703,1
R009563,0.4041372,0
R000514,0.4590931,1
R000556,0.5795089,1
R005456,0.3997521,0
R006421,0.3501998,0
R007830,0.4324633,1
R008283,0.5545364,1
R008601,0.3283765,0
R009465,0.31953233,0
R000067,0.5395022,1
R000703,0.7084853,1
R001059,0.5384875,1
R002035,0.55749935,1
R002855,0.3769561,0
R003203,0.5284703,1
R005233,0.62064576,1
R006162,0.31102395,0
R006224,0.24460062,0
R006863,0.59432244,1
R008172,0.7112937,1
R008637,0.5952119,1
R009316,0.60774034,1
R009344,0.50239927,1
R002440,0.58908325,1
R002689,0.5520607,1
R004512,0.5343266,1
R006176,0.3620256,0
R006835,0.5724331,1
R006958,0.51691216,1
R007057,0.38094607,0
R008074,0.56422955,1
R008696,0.23442723,0
R000296,0.5497237,1
R002148,0.5154334,1
R003060,0.5317928,1
R003201,0.5596138,1
R003887,0.40908653,0
R004577,0.53369623,1
R005595,0.5792728,1
R006499,0.28238335,0
R008177,0.46587288,1
R009116,0.3716096,0
R009347,0.6253852,1
R009750,0.3277846,0
R000018,0.56435007,1
R000200,0.5350305,1
R002872,0.30752325,0
R003508,0.26807266,0
R004169,0.59497595,1
R004207,0.61944973,1
R004828,0.34006637,0
R006286,0.60305923,1
R004497,0.5929259,1
R006311,0.531912,1
R008121,0.35867244,0
R008843,0.4098202,0
R008846,0.23703907,0
R009050,0.57629025,1
R009063,0.53486824,1
R009584,0.41924965,0
R009707,0.5339818,1
R001461,0.3640673,0
R001542,0.55534816,1
R005689,0.4410488,1
R005731,0.29456422,0
R007281,0.40386567,0
R007675,0.5389503,1
R008390,0.34345427,0
R009020,0.5371907,1
R000143,0.34079185,0
R000903,0.538841,1
R001476,0.52741444,1
R002246,0.31561047,0
R002459,0.53113455,1
R002479,0.55659693,1
R002978,0.60423636,1
R003553,0.43201917,1
R004501,0.41622645,0
R004701,0.57591015,1
R005594,0.43898803,1
R006400,0.40157938,0
R007024,0.3663544,0
R008853,0.36237034,0
R009045,0.5433177,1
R009908,0.569781,1
R000069,0.34821698,0
R003104,0.57847464,1
R005349,0.39458638,0
R006686,0.49603584,1
R008575,0.4433595,1
R009088,0.5308413,1
R009182,0.23786557,0
R000575,0.22408693,0
R001996,0.5910592,1
R003397,0.38154364,0
R004021,0.53948176,1
R004263,0.5688826,1
R004540,0.4100832,0
R004737,0.3925483,0
R005705,0.34535444,0
R005754,0.2956577,0
R006325,0.30875108,0
R000073,0.23091428,0
R000994,0.4963644,1
R004792,0.3207304,0
R004875,0.592426,1
R005278,0.393032,0
R007373,0.5865459,1
R007487,0.30371374,0
R008719,0.57696706,1
R008869,0.24532552,0
R009305,0.41724163,0
R001151,0.37644145,0
R001340,0.37134388,0
R003080,0.5744541,1
R003879,0.4805243,1
R004162,0.39921892,0
R004368,0.53010213,1
R005106,0.58162147,1
R007251,0.54537994,1
R009970,0.48008287,1
R003098,0.62139696,1
R003867,0.5291506,1
R004066,0.47466365,1
R004188,0.5301147,1
R004192,0.53928787,1
R005442,0.41947806,0
R005453,0.6058516,1
R005567,0.5353586,1
R005805,0.5908574,1
R007579,0.54048073,1
R008124,0.5300173,1
R009366,0.5771069,1
R009676,0.56910425,1
R009710,0.5910189,1
R000026,0.2984003,0
R002054,0.50463426,1
R002656,0.34421748,0
R003157,0.5165579,1
R004108,0.60432535,1
R004142,0.5197054,1
R004322,0.2245451,0
R005978,0.45465744,1
R007368,0.34887186,0
R007899,0.5228528,1
R008805,0.42013758,0
R000226,0.47447738,1
R000247,0.38683137,0
R000433,0.34789944,0
R002016,0.3437946,0
R003718,0.39596507,0
R005835,0.37919068,0
R007776,0.37041456,0
R007881,0.57166123,1
R008410,0.5968013,1
R009934,0.5522087,1
R001170,0.5257306,1
R001919,0.33033565,0
R001967,0.53946465,1
R005951,0.6475149,1
R006723,0.5339265,1
R008044,0.46353644,1
R000564,0.40634102,0
R001455,0.3774908,0
R006235,0.48770204,1
R006695,0.519908,1
R008202,0.6092024,1
R000680,0.600543,1
R001160,0.38843742,0
R001765,0.60122097,1
R002740,0.47567174,1
R006882,0.531721,1
R006981,0.5371957,1
R007955,0.4818312,1
R009081,0.3398412,0
R001586,0.5816193,1
R003550,0.26162672,0
R003689,0.5912864,1
R004182,0.37307283,0
R004240,0.597911,1
R005211,0.5898242,1
R007201,0.45356992,1
R007407,0.3339041,0
R007801,0.5871847,1
R008085,0.57915395,1
R008765,0.5284703,1
R009487,0.42579147,1
R000649,0.40680146,0
R003066,0.38813797,0
R003159,0.3092853,0
R004973,0.563986,1
R005511,0.35119477,0
R005760,0.43931568,1
R006791,0.50152224,1
R008294,0.3079794,0
R008296,0.35414883,0
R008671,0.525849,1
R002586,0.5794874,1
R003427,0.56525046,1
R003794,0.29306358,0
R004008,0.34179172,0
R004019,0.40122205,0
R005954,0.25604248,0
R006617,0.7206653,1
R006676,0.22213118,0
R007183,0.5243583,1
R009327,0.37254646,0
R000070,0.5336394,1
R000825,0.440479,1
R001660,0.3924465,0
R003102,0.46914044,1
R004687,0.61183363,1
R005968,0.41362134,0
R006942,0.5273588,1
R007346,0.33362636,0
R008722,0.46404642,1
R000861,0.5556018,1
R002114,0.5410854,1
R003356,0.56521374,1
R005016,0.54377675,1
R005905,0.39358371,0
R005906,0.39715752,0
R008723,0.3868332,0
R009349,0.29160202,0
R000812,0.53458464,1
R002207,0.43686035,1
R002316,0.52364045,1
R002486,0.53346676,1
R004222,0.67243385,1
R004850,0.571842,1
R005935,0.63138986,1
R006622,0.6051558,1
R007824,0.3761969,0
R008036,0.59162116,1
R000945,0.43176177,1
R001516,0.55984104,1
R003079,0.54328465,1
R003761,0.38397133,0
R005030,0.5592775,1
R005733,0.55226505,1
R007389,0.5617812,1
R007492,0.26048344,0
R008033,0.58926433,1
R008169,0.43565768,1
R009618,0.43988252,1
R000470,0.53006834,1
R001104,0.31579947,0
R002248,0.36008185,0
R003329,0.36752453,0
R007667,0.6604169,1
R001144,0.33131012,0
R002295,0.3025246,0
R002577,0.27772573,0
R006767,0.62912893,1
R008162,0.23801391,0
R008670,0.63698524,1
R009523,0.5313172,1
R009856,0.350671,0
R000483,0.32668743,0
R001733,0.53780663,1
R002201,0.35424888,0
R002448,0.56223863,1
R003790,0.5933656,1
R006106,0.27690455,0
R006890,0.53806365,1
R007142,0.5128127,1
R007856,0.45268765,1
R009526,0.35451722,0
R002249,0.43746293,1
R003186,0.4185175,0
R006166,0.5803906,1
R006221,0.59199935,1
R006251,0.56609356,1
R007001,0.43841675,1
R009499,0.4256574,1
R002287,0.27365583,0
R002318,0.5729695,1
R002770,0.5788086,1
R002896,0.43898803,1
R003758,0.29510754,0
R004475,0.29590324,0
R004674,0.51185465,1
R006128,0.5336355,1
R007676,0.52802736,1
R007946,0.53560877,1
R008539,0.57182217,1
R008593,0.37886736,0
R008716,0.5293462,1
R008777,0.5764653,1
R008791,0.25062564,0
R009035,0.5968013,1
R000091,0.41981143,0
R000398,0.5504984,1
R001175,0.26704314,0
R005317,0.2931117,0
R005546,0.22100084,0
R005633,0.54709375,1
R008630,0.3946718,0
R008988,0.42134786,0
R000765,0.5757935,1
R001829,0.4673055,1
R002120,0.3098495,0
R003930,0.41520953,0
R006239,0.50917643,1
R007432,0.5184736,1
R007907,0.4459916,1
R008364,0.6540364,1
R009258,0.35111117,0
R000240,0.52923083,1
R000912,0.32513863,0
R006155,0.5367571,1
R006287,0.26225567,0
R008680,0.25301853,0
R009314,0.29493546,0
R009532,0.63896525,1
R001914,0.40853366,0
R002229,0.5304522,1
R002361,0.36741322,0
R003917,0.28590426,0
R005836,0.5114138,1
R005992,0.60108995,1
R007914,0.5464645,1
R000919,0.5173072,1
R001307,0.40747264,0
R001400,0.20521885,0
R001537,0.29997456,0
R001637,0.36240104,0
R002447,0.4061151,0
R002691,0.568449,1
R005253,0.5869748,1
R005625,0.56137115,1
R009937,0.64763045,1
R009978,0.52717006,1
R000317,0.5628072,1
R000578,0.33515543,0
R001502,0.44334844,1
R001711,0.59481186,1
R003277,0.4377297,1
R003915,0.55331975,1
R005600,0.25413305,0
R006771,0.5223014,1
R008968,0.4678246,1
R009075,0.35388973,0
R009168,0.61370975,1
R009764,0.3507556,0
R000934,0.54162765,1
R003147,0.5600513,1
R003230,0.6688329,1
R007891,0.55646306,1
R008714,0.57555115,1
R001433,0.62881136,1
R003901,0.5618723,1
R004155,0.4333655,1
R005996,0.45622236,1
R006900,0.36402488,0
R007081,0.5441091,1
R007250,0.48876345,1
R001396,0.4437695,1
R003459,0.5714584,1
R005337,0.4115754,0
R000185,0.41884378,0
R000426,0.48916748,1
R000588,0.57153696,1
R000589,0.43557355,1
R000776,0.57006246,1
R000885,0.4394403,1
R001373,0.32845327,0
R001403,0.42338797,0
R001610,0.37967598,0
R002143,0.5860318,1
R004521,0.4042923,0
R005960,0.56053877,1
R007247,0.6200281,1
R008438,0.27625278,0
R009674,0.4391518,1
R000341,0.53068703,1
R000487,0.59289753,1
R001085,0.5445765,1
R003003,0.3806335,0
R003561,0.5339651,1
R004070,0.5558957,1
R004147,0.57259125,1
R004918,0.4121758,0
R005170,0.25626278,0
R005225,0.48838523,1
R006934,0.4679126,1
R007071,0.3841347,0
R008875,0.34710497,0
R000005,0.59285295,1
R000600,0.5358622,1
R002809,0.573179,1
R002869,0.4115754,0
R003254,0.64749634,1
R005572,0.5698592,1
R006053,0.5954744,1
R001726,0.5471263,1
R002029,0.39073315,0
R002110,0.39829874,0
R002474,0.4404933,1
R003051,0.6081211,1
R003785,0.5382665,1
R004036,0.27452314,0
R005341,0.56210184,1
R005533,0.646895,1
R006521,0.5898784,1
R008067,0.39164832,0
R009243,0.3186392,0
R000709,0.43816334,1
R000887,0.59267575,1
R002064,0.5703459,1
R002491,0.5435102,1
R003433,0.40761185,0
R003959,0.3754352,0
R008218,0.30969262,0
R008643,0.39741918,0
R000898,0.54980284,1
R001299,0.53148717,1
R001672,0.59234124,1
R002220,0.43154535,1
R002266,0.42472106,0
R002853,0.26929033,0
R004844,0.50157064,1
R005491,0.5032936,1
R006792,0.56647867,1
R001079,0.5690559,1
R001608,0.26269895,0
R001721,0.5127016,1
R001778,0.55326724,1
R003827,0.569456,1
R003911,0.5932952,1
R005799,0.23158742,0
R007189,0.6303166,1
R007643,0.51348305,1
R008623,0.6217453,1
R000555,0.502619,1
R001498,0.43635,1
R001625,0.25462455,0
R004302,0.43773636,1
R006369,0.5951151,1
R006957,0.5274463,1
R007878,0.5000779,1
R008434,0.5473055,1
R008823,0.3948938,0
R009170,0.5769697,1
R009705,0.41854268,0
R001870,0.5954459,1
R002123,0.37148863,0
R002255,0.6273339,1
R003909,0.56959313,1
R005231,0.53624713,1
R005801,0.5646578,1
R005981,0.5977091,1
R006859,0.58744997,1
R009403,0.51965034,1
R009528,0.44002187,1
R009808,0.6543581,1
R001987,0.28443947,0
R005443,0.53913665,1
R006743,0.3674971,0
R007262,0.5661101,1
R007611,0.53131896,1
R009620,0.45160168,1
R000094,0.53528714,1
R000285,0.58813035,1
R000771,0.2521021,0
R001130,0.58404607,1
R001402,0.3846479,0
R001703,0.54982466,1
R001904,0.51860356,1
R002371,0.54490465,1
R002563,0.23921074,0
R004154,0.57867134,1
R007928,0.61261076,1
R007968,0.34841383,0
R008285,0.586191,1
R000599,0.33192405,0
R000769,0.44148096,1
R002250,0.4687515,1
R003687,0.34337243,0
R007629,0.26657942,0
R008278,0.6304103,1
R001988,0.5694881,1
R002094,0.60341555,1
R003252,0.38288292,0
R003521,0.46411622,1
R003737,0.35827744,0
R006302,0.5688689,1
R006852,0.34245378,0
R009427,0.42834166,1
R000413,0.48462698,1
R004045,0.42572933,1
R005623,0.2920833,0
R005668,0.3773617,0
R006506,0.5297883,1
R007855,0.5871718,1
R008687,0.5291848,1
R009146,0.5987238,1
R009547,0.43912792,1
R000330,0.443202,1
R003865,0.3750011,0
R004084,0.27242646,0
R004363,0.5353492,1
R007021,0.43773636,1
R007605,0.50081563,1
R009592,0.53188676,1
R009807,0.44539118,1
R001412,0.57870376,1
R005683,0.5912203,1
R006203,0.5552961,1
R007509,0.50250655,1
R008144,0.40362173,0
R000031,0.5974343,1
R000381,0.30272606,0
R002009,0.5889922,1
R002206,0.4136348,0
R002488,0.5293041,1
R003589,0.36541638,0
R004094,0.5917283,1
R004965,0.58360994,1
R006248,0.6337539,1
R006418,0.56247807,1
R009688,0.39673615,0
R000373,0.56036067,1
R002516,0.5553685,1
R002707,0.40771502,0
R003873,0.52406496,1
R004364,0.55777365,1
R008372,0.3628254,0
R008839,0.57888263,1
R009121,0.57540923,1
R004703,0.6769839,1
R004962,0.603076,1
R005079,0.59054106,1
R005550,0.2865525,0
R005813,0.5549228,1
R006077,0.55536145,1
R008167,0.5662698,1
R002326,0.5898784,1
R002339,0.3699017,0
R002683,0.25317755,0
R005274,0.51365036,1
R005891,0.651498,1
R007903,0.31822714,0
R008137,0.4111119,0
R000313,0.5677838,1
R003005,0.32681844,0
R004433,0.2608605,0
R004930,0.41502377,0
R005939,0.51973367,1
R006545,0.2994756,0
R008216,0.53559303,1
R000374,0.5921091,1
R002050,0.5963975,1
R002699,0.4401941,1
R002939,0.57777363,1
R003939,0.61819386,1
R006524,0.3082476,0
R007289,0.53680915,1
R008103,0.4155186,0
R008691,0.33373576,0
R002340,0.6250572,1
R003283,0.5339144,1
R004370,0.2457953,0
R005927,0.5704859,1
R005971,0.26900396,0
R006357,0.41107297,0
R008855,0.36436248,0
R000269,0.58942175,1
R000289,0.29134262,0
R000890,0.37236437,0
R002018,0.57330865,1
R003603,0.5226607,1
R005819,0.56286055,1
R007259,0.5602919,1
R007617,0.38853523,0
R008129,0.5954459,1
R008383,0.5481794,1
R008741,0.26171833,0
R009306,0.5501342,1
R000054,0.5531915,1
R001253,0.3850825,0
R003425,0.3644848,0
R004919,0.6427359,1
R006263,0.42071283,0
R006313,0.59054047,1
R009140,0.5368956,1
R000546,0.27258834,0
R001404,0.5403341,1
R002987,0.26759258,0
R003018,0.54256994,1
R003641,0.46156207,1
R003818,0.5322893,1
R005957,0.3934864,0
R006556,0.6084985,1
R008877,0.3228197,0
R009495,0.25960812,0
R009496,0.5361905,1
R009715,0.43799105,1
R009752,0.5334161,1
R001469,0.30620342,0
R002028,0.46566755,1
R003101,0.50739044,1
R004023,0.4059001,0
R006063,0.3477621,0
R006150,0.5888075,1
R009702,0.58303905,1
R000072,0.5440539,1
R000725,0.36152467,0
R001568,0.5950783,1
R006920,0.53654045,1
R008405,0.5805172,1
R000318,0.50594944,1
R003056,0.5236528,1
R003467,0.4907072,1
R006036,0.28612363,0
R007348,0.52221507,1
R007482,0.44258615,1
R007483,0.59481186,1
R007621,0.6624189,1
R007890,0.5359898,1
R008711,0.5575493,1
R009767,0.35939726,0
R001884,0.3830962,0
R002946,0.3894869,0
R005074,0.54222226,1
R005530,0.597367,1
R006512,0.5751736,1
R007975,0.380006,0
R008356,0.23193511,0
R008684,0.5654867,1
R008960,0.5921345,1
R000312,0.27148697,0
R001024,0.4190727,0
R001570,0.5955321,1
R002019,0.582256,1
R002291,0.31930354,0
R003093,0.5953128,1
R003202,0.36538103,0
R004407,0.54288393,1
R006157,0.5308677,1
R006227,0.67804855,1
R007274,0.6248936,1
R008195,0.6047454,1
R008518,0.5173924,1
R009319,0.5726463,1
R009396,0.5331874,1
R000272,0.5203312,1
R000511,0.35255697,0
R001138,0.44679824,1
R005641,0.4072106,0
R005667,0.4431412,1
R007700,0.54166234,1
R008376,0.36107278,0
R008656,0.5567028,1
R008889,0.6407978,1
R009128,0.51066893,1
R001347,0.52347744,1
R001616,0.37306622,0
R003464,0.54530364,1
R003533,0.6281418,1
R003755,0.433335,1
R003886,0.5454418,1
R005596,0.49799734,1
R006618,0.21282,0
R006765,0.42185998,0
R000635,0.49825433,1
R002093,0.49391168,1
R004392,0.54696894,1
R006323,0.5189783,1
R007754,0.33445874,0
R008989,0.65352595,1
R009434,0.2655932,0
R004426,0.3793748,0
R004580,0.4088701,0
R006408,0.34505618,0
R007439,0.2775699,0
R007513,0.5518158,1
R009542,0.5958911,1
R001075,0.4094355,0
R001748,0.5183053,1
R002526,0.3777268,0
R002545,0.59348786,1
R002631,0.344489,0
R005066,0.4112194,0
R007290,0.37639943,0
R007382,0.55675304,1
R007772,0.43670842,1
R009955,0.56572646,1
R001551,0.52238935,1
R003717,0.45236278,1
R005647,0.65234274,1
R006568,0.53100187,1
R006857,0.5916986,1
R006861,0.5925276,1
R007105,0.42523777,1
R008010,0.424638,0
R008029,0.5749895,1
R008546,0.42003438,0
R009782,0.23498897,0
R000907,0.5991387,1
R001155,0.55995226,1
R003920,0.2456488,0
R005738,0.38658306,0
R008496,0.35740334,0
R008678,0.23807178,0
R009450,0.5991425,1
R009677,0.57122177,1
R001867,0.34741995,0
R003972,0.5316728,1
R005116,0.5510032,1
R005781,0.55555207,1
R006103,0.51292944,1
R007697,0.55233824,1
R008068,0.38302866,0
R000781,0.5530018,1
R002665,0.47256935,1
R005537,0.4561542,1
R005761,0.25007623,0
R006635,0.42934623,1
R006651,0.26512712,0
R006685,0.2623096,0
R007215,0.602431,1
R008871,0.43366528,1
R009089,0.49833152,1
R009548,0.2077363,0
R001008,0.5506053,1
R001262,0.59744793,1
R001464,0.42130247,0
R001506,0.58651114,1
R002492,0.5948899,1
R002806,0.4254565,1
R003359,0.57428294,1
R003389,0.42090678,0
R003678,0.5771305,1
R004505,0.33531582,0
R005675,0.45159382,1
R006111,0.5381604,1
R007876,0.50769156,1
R009507,0.27411965,0
R009851,0.5803058,1
R001087,0.5986436,1
R008126,0.5513128,1
R009959,0.42185345,0
R000482,0.4603902,1
R000938,0.589837,1
R001688,0.60313934,1
R001878,0.41057003,0
R002101,0.58900064,1
R002286,0.53021723,1
R002729,0.3220541,0
R002756,0.5421797,1
R004424,0.35072768,0
R009062,0.33273306,0
R001243,0.57845557,1
R001911,0.3965264,0
R001968,0.65219,1
R002182,0.5391313,1
R002776,0.5423226,1
R003443,0.28704166,0
R006510,0.5099427,1
R006898,0.3263017,0
R007284,0.32899287,0
R008544,0.37880385,0
R009237,0.58786595,1
R009673,0.61430174,1
R009722,0.46051192,1
R002049,0.55327123,1
R002081,0.59651875,1
R008739,0.65719765,1
R009272,0.49278915,1
R000115,0.54095703,1
R000250,0.3707203,0
R000951,0.3106399,0
R001595,0.49448454,1
R003082,0.4386136,1
R003742,0.24900997,0
R004819,0.35309452,0
R005126,0.6554398,1
R005467,0.679686,1
R006127,0.5531773,1
R007327,0.53806365,1
R007726,0.32713553,0
R008181,0.54089475,1
R005025,0.3125095,0
R005499,0.40552464,0
R005520,0.32668403,0
R007319,0.53730774,1
R000627,0.5689062,1
R001538,0.5385497,1
R004513,0.5221757,1
R004550,0.35341886,0
R005435,0.5444453,1
R006624,0.51592416,1
R007004,0.52810097,1
R009346,0.4874002,1
R000540,0.54870325,1
R000842,0.5374216,1
R001993,0.5658709,1
R003081,0.43517905,1
R004180,0.5460905,1
R005083,0.41921648,0
R005833,0.42509997,1
R007623,0.511832,1
R007953,0.6798915,1
R008342,0.59341735,1
R008793,0.5153411,1
R000324,0.5471075,1
R001328,0.5889922,1
R001339,0.6543502,1
R002348,0.5419394,1
R005151,0.43189797,1
R005284,0.5749288,1
R005882,0.33963737,0
R006591,0.5791311,1
R006785,0.6052925,1
R008636,0.45198014,1
R000665,0.40680987,0
R000925,0.2351681,0
R002138,0.55423623,1
R003070,0.59234124,1
R005461,0.5787262,1
R005815,0.33635983,0
R007845,0.36233997,0
R008333,0.56907177,1
R009256,0.55738586,1
R000952,0.5468539,1
R001295,0.5201271,1
R001979,0.3155681,0
R002820,0.38078845,0
R003571,0.28043738,0
R003634,0.5763237,1
R006086,0.35648954,0
R007228,0.42609587,1
R007956,0.39850157,0
R000188,0.31091896,0
R000634,0.4570474,1
R002764,0.6620177,1
R003541,0.43558413,1
R007271,0.57714164,1
R008406,0.31025675,0
R004679,0.6108734,1
R005549,0.4729821,1
R005685,0.3490091,0
R006970,0.61474156,1
R007286,0.5509413,1
R007490,0.55063176,1
R000748,0.41653672,0
R002647,0.5956933,1
R003025,0.27219602,0
R006523,0.43028715,1
R007059,0.3471904,0
R007813,0.57205707,1
R009205,0.38004354,0
R001221,0.59191257,1
R001265,0.4546606,1
R002056,0.53809285,1
R003463,0.5458402,1
R004414,0.596726,1
R005509,0.58329964,1
R006705,0.55647236,1
R008450,0.37890136,0
R009007,0.37290743,0
R009228,0.3503905,0
R001682,0.50227565,1
R004626,0.345782,0
R004706,0.55122095,1
R004741,0.399725,0
R004842,0.49355954,1
R002553,0.5072011,1
R004715,0.3197464,0
R006814,0.5908574,1
R007701,0.58014363,1
R001264,0.4372578,1
R001365,0.43191952,1
R003174,0.58810514,1
R003207,0.5802453,1
R003746,0.46058112,1
R003954,0.41125286,0
R004913,0.5663249,1
R005204,0.26568246,0
R005360,0.53251344,1
R006383,0.33954898,0
R007674,0.26453352,0
R001353,0.39728653,0
R002128,0.59908915,1
R002612,0.6159883,1
R003525,0.50912803,1
R003951,0.6086995,1
R004471,0.6181969,1
R008092,0.3282943,0
R008315,0.3849717,0
R009106,0.51119316,1
R000905,0.53539604,1
R002824,0.61398274,1
R004164,0.57910645,1
R005186,0.55733806,1
R008176,0.23281455,0
R001017,0.60111207,1
R003803,0.5705165,1
R004158,0.57998973,1
R004403,0.5604095,1
R005344,0.5889622,1
R005427,0.460874,1
R006015,0.33364385,0
R008286,0.3090191,0
R008289,0.5556247,1
R009282,0.5702751,1
R009451,0.58515036,1
R000248,0.332316,0
R000337,0.5529406,1
R002888,0.5160089,1
R003706,0.54222226,1
R005283,0.48131588,1
R006085,0.3203836,0
R006092,0.23113601,0
R008194,0.5033732,1
R008377,0.50906473,1
R009474,0.41123086,0
R000160,0.2161477,0
R002413,0.5575493,1
R005473,0.26348618,0
R007108,0.5332868,1
R009257,0.60724205,1
R000780,0.38220543,0
R003624,0.2296734,0
R003728,0.563584,1
R004120,0.58084416,1
R005092,0.54215354,1
R005484,0.53458124,1
R005796,0.5612223,1
R006699,0.5807522,1
R001807,0.42710721,1
R001916,0.50331295,1
R002890,0.32265714,0
R003574,0.29624438,0
R003926,0.32202297,0
R004097,0.39621714,0
R004274,0.5578252,1
R005970,0.53114563,1
R005995,0.34503838,0
R009944,0.49411267,1
R000449,0.5212024,1
R001686,0.39383233,0
R001959,0.5488149,1
R003488,0.46097317,1
R004128,0.55713624,1
R006149,0.42364568,0
R006820,0.5310967,1
R008120,0.54172707,1
R009317,0.56910425,1
R000310,0.35235065,0
R001477,0.43376252,1
R002109,0.47096574,1
R003001,0.57106805,1
R003484,0.38204452,0
R003990,0.54165536,1
R006992,0.58562326,1
R009090,0.5161542,1
R009171,0.30267188,0
R000577,0.59275556,1
R001023,0.5758581,1
R004690,0.6492784,1
R005004,0.53710955,1
R005139,0.57195455,1
R005243,0.59014326,1
R005696,0.3737432,0
R006848,0.53107345,1
R000216,0.5441223,1
R002681,0.25846207,0
R003519,0.36503762,0
R006716,0.35147715,0
R009360,0.6007535,1
R000131,0.44910496,1
R003523,0.32492778,0
R003854,0.49555814,1
R005497,0.34316444,0
R006363,0.46660012,1
R007992,0.55101407,1
R009175,0.3645818,0
R000385,0.3438689,0
R000438,0.31214252,0
R003336,0.5324368,1
R004697,0.5510128,1
R005848,0.6539829,1
R005972,0.3854043,0
R008619,0.49480096,1
R001523,0.6505401,1
R003048,0.53166103,1
R003622,0.5322221,1
R004208,0.57279867,1
R005915,0.5176227,1
R006158,0.59521425,1
R009906,0.5564814,1
R001623,0.22965543,0
R002045,0.35445726,0
R002743,0.57136667,1
R004462,0.5752382,1
R005854,0.66138196,1
R006068,0.5621897,1
R008841,0.5050874,1
R008892,0.44618955,1
R008936,0.3100539,0
R000574,0.61162436,1
R002763,0.3478931,0
R003375,0.3607885,0
R003492,0.5931831,1
R003988,0.524989,1
R004938,0.53510934,1
R005015,0.57829255,1
R005038,0.40228856,0
R009971,0.31239918,0
R009985,0.4787955,1
R000621,0.4364737,1
R000673,0.32656655,0
R002777,0.5993389,1
R003481,0.35368568,0
R003552,0.53229517,1
R004107,0.47698483,1
R006034,0.5779598,1
R006810,0.49552906,1
R007114,0.577985,1
R008933,0.34712297,0
R009353,0.3576724,0
R009743,0.5872993,1
R000339,0.56781113,1
R005006,0.29143703,0
R006002,0.66675717,1
R007360,0.4066252,0
R008175,0.5984758,1
R008730,0.5519506,1
R009181,0.576498,1
R009472,0.65815854,1
R009517,0.5343924,1
R000180,0.27132818,0
R001039,0.5519318,1
R001069,0.39311725,0
R004798,0.40543056,0
R004801,0.49556312,1
R005887,0.5728791,1
R006457,0.55990577,1
R006594,0.55153835,1
R006755,0.5989842,1
R008320,0.4146779,0
R009397,0.5200151,1
R009445,0.3382958,0
R000848,0.38171214,0
R000937,0.56126076,1
R002632,0.27869385,0
R003139,0.53277236,1
R005229,0.270529,0
R007612,0.5212727,1
R007949,0.5316518,1
R009447,0.36451998,0
R009634,0.4504295,1
R000239,0.5541961,1
R000614,0.53418165,1
R001801,0.58961797,1
R002364,0.5792534,1
R002469,0.58849615,1
R004214,0.55405325,1
R005313,0.4005901,0
R005490,0.6153178,1
R005938,0.55582947,1
R006662,0.45688343,1
R007187,0.43702012,1
R007467,0.3966179,0
R001364,0.49078804,1
R001999,0.5477219,1
R002015,0.21219084,0
R004470,0.29480293,0
R005521,0.264357,0
R006966,0.5114116,1
R008481,0.5380138,1
R002487,0.42748812,1
R002919,0.478229,1
R003811,0.30974478,0
R005669,0.52392095,1
R007064,0.26668283,0
R007339,0.36640584,0
R008392,0.51740664,1
R008624,0.5926095,1
R002713,0.45322454,1
R007293,0.57743007,1
R007440,0.27214935,0
R007833,0.5773158,1
R008214,0.5414604,1
R002540,0.43222967,1
R003253,0.573179,1
R005403,0.47605214,1
R006735,0.6537353,1
R007137,0.4204028,0
R002969,0.6459272,1
R003370,0.5195049,1
R003451,0.53622526,1
R005751,0.5142406,1
R005752,0.33334032,0
R006090,0.31675795,0
R007394,0.4186982,0
R008273,0.40340233,0
R008861,0.39760137,0
R009586,0.4524107,1
R000502,0.26214576,0
R000537,0.47960818,1
R002797,0.59320503,1
R004143,0.3522821,0
R005959,0.5334161,1
R007574,0.28723451,0
R008786,0.5791575,1
R008904,0.5234166,1
R000364,0.53709716,1
R001273,0.5518307,1
R002589,0.6016641,1
R003586,0.3607885,0
R003880,0.43974945,1
R004756,0.67582244,1
R006414,0.40696412,0
R006601,0.6575828,1
R007885,0.41212168,0
R008430,0.36526826,0
R008803,0.5117667,1
R009241,0.40359265,0
R009558,0.53348505,1
R009631,0.41989675,0
R000345,0.5128535,1
R001454,0.3541784,0
R003058,0.45366132,1
R003683,0.57021785,1
R004126,0.5624885,1
R004484,0.57611614,1
R005029,0.37139854,0
R005214,0.6858425,1
R005829,0.40786356,0
R006096,0.4511972,1
R007652,0.53980017,1
R007722,0.33710834,0
R008631,0.5914322,1
R009632,0.5072659,1
R001577,0.43380255,1
R004686,0.5726463,1
R006116,0.64578325,1
R007797,0.5341055,1
R009701,0.52901405,1
R001809,0.5925365,1
R001853,0.66241324,1
R001903,0.31910533,0
R002717,0.53435516,1
R004420,0.5406631,1
R005119,0.5774526,1
R005587,0.5106639,1
R007762,0.5405748,1
R008013,0.27049232,0
R008992,0.5561218,1
R009536,0.5093677,1
R009680,0.56806225,1
R000183,0.39563993,0
R000386,0.55586654,1
R001244,0.51553416,1
R002587,0.52795815,1
R005722,0.5324368,1
R007898,0.5781814,1
R008160,0.42324904,0
R008422,0.47293004,1
R008848,0.5328649,1
R009869,0.58728224,1
